"Dates","SW_cum","SW","N","N_cum","E","E_cum","W","W_cum","VC1","VC1_cum"
"2014-10-06",0,0,0,0,0,0,0,0,0,0
"2014-12-17",-2.16,-0.37,-1.1,-0.75,-1.22,-0.13,5.73,6.99,1.27,5.65
"2015-01-10",6.06,1.89,0.13,-1.41,-3.48,-4.18,5.79,6.34,-5.92,-11.82
"2015-02-03",-0.21,0.51,6.48,8.8,-1.46,0.41,1.14,-0.13,-1.31,1.28
"2015-03-11",0.88,-1.69,9.29,10.71,-11.36,-12.2,-1.68,-1.07,-11.74,-13.49
"2015-04-28",-10.16,-12.19,0.8,1.38,-7.16,-6.18,-0.19,0.28,-4.22,-4.73
"2015-11-06",22.86,17.37,6.97,7.32,5.3,10.14,31.94,39,-14.49,-14.81
"2015-11-30",3.97,10.94,4.31,3.24,-3.12,-6.93,16.56,10.7,-14.64,-13.51
"2015-12-24",9.1,10.26,5.02,6.41,-5.04,-8.28,13.82,13.36,-13.86,-13.41
"2016-01-17",7.75,6.15,0.79,-3.53,-2.77,0.49,14.03,14.28,-14.13,-14.22
"2016-02-10",5.92,9.16,5.46,7.89,-1.37,-5.09,13.61,12.59,-14.6,-15.95
"2016-03-05",10.34,7.68,3.66,5.57,-0.82,4.14,14.73,17.74,-8.14,-8.73
"2016-03-29",3.82,6.09,1.06,-4.18,-4.6,-6.09,9.59,7.89,-2.8,1.15
"2016-04-22",3.62,5.98,5.81,5.45,-9.07,-12.6,5.5,2.59,-6,-5.28
"2016-05-04",-2.23,6.53,7.08,4.55,-6.85,-11.24,9.24,5.16,-9.5,-5.86
"2016-05-16",1.1,5.18,7.07,5.52,-6.15,-8,6.18,6.52,-7.4,-6.16
"2016-05-28",15.36,10.38,10.58,11.67,-3.83,0.29,13.82,17.73,-9.05,-11.28
"2016-06-09",-0.54,7.09,10.29,9.51,-3.45,-4.56,14.05,9.91,-19.33,-19.28
"2016-07-03",22.97,23.27,8.96,7.05,-1.19,-1.58,22.46,25.84,-11.54,-8.91
"2016-07-27",22.03,22.23,9.48,10.42,-2.53,-4.1,22.01,21.85,-11.59,-12.44
"2016-08-20",19.95,16.22,7.81,8.72,-3.46,-1.24,18.97,20.38,-10.27,-13.43
"2016-09-13",4.54,8.84,2.08,-0.04,-6.28,-7.84,15.87,14.92,-2.93,-1.59
"2016-10-01",6.51,8.06,2.07,2.33,-8.68,-9.85,12.43,10.9,2.11,4.01
"2016-10-25",9.46,11.73,3.69,-0.49,-4.69,-7.69,13.9,10.91,4.76,9.2
"2016-11-12",10.91,12.9,7.76,9.59,-1.01,-0.33,19.95,17.66,-6.14,-3.77
"2016-11-18",14.31,16.5,7.01,9.48,1.37,2.68,21.93,21.23,-6.84,-1.74
"2016-11-30",3.63,14.39,7.86,6.31,0.46,-4.69,23.52,13.81,-11.07,-9.68
"2016-12-06",27.3,19.53,9.61,5.12,2.59,4.44,24.62,31.95,-8.78,-12.38
"2016-12-12",24.74,18.31,7.78,11.36,1.19,5.78,24.31,39.7,-10.67,-20.73
"2016-12-18",11.8,18.12,6.39,4.93,1.84,-2.4,24.36,22.12,-11.29,-7.22
"2016-12-24",16.44,15.86,5.49,2.72,-0.84,-3.04,20.93,19,-10.46,-16.01
"2016-12-30",11.42,16.45,5.71,8.54,-0.15,-3.76,20.39,17.67,-7.59,-1.06
"2017-01-05",10.29,13.71,4.37,2.2,-0.04,2.69,19.14,17.08,-7.18,-5.67
"2017-01-11",15,14.04,4.13,-0.33,0.55,0.65,17.78,17.14,-7.36,-8.85
"2017-01-17",12.22,13.01,3.93,3.79,0.6,4.2,17.34,21.12,-4.66,-5.04
"2017-01-23",0.03,13.2,5.63,5.68,-0.62,-3.8,15.04,7.66,-3.21,10.63
"2017-01-29",5.05,11.88,4.95,1.19,-1.26,-8.55,17.59,8.36,-4.77,-7.25
"2017-02-10",17.68,12.98,4.8,7.17,-0.39,1.53,17.38,23.06,-4.34,-3.87
"2017-02-22",16.24,12.97,4.16,3.38,-1.94,-2,16.55,18.95,-5.17,-8.26
"2017-03-30",3.41,5.71,3.36,1.2,-4.73,-2.21,10.06,9.86,-1.46,-0.71
"2017-04-05",-8.04,3.79,3.66,3.45,-4.7,-5.3,13.04,2.29,-2.26,-3.75
"2017-04-11",5.1,6.86,2.38,2.48,-6.74,-11.84,10.72,11.29,-0.52,2.27
"2017-04-17",8.44,9.41,1.63,-4.3,-4.67,-3,12.1,14.4,-2.23,-2.19
"2017-04-23",5.51,9.12,3.49,6.64,-4.56,-9.83,12.84,16.95,-0.87,13.18
"2017-04-29",7.76,8.73,4.15,2.68,-5.29,-4.58,13.05,8.71,-1.62,-8.22
"2017-05-05",5.95,8.85,2.81,-1.08,-5.16,-5.35,12.81,10.71,-3.53,-5.2
"2017-05-11",10.57,9.19,3.37,3.86,-5.81,-3.62,12.33,18.15,-3.07,-3.1
"2017-05-17",11.52,8.93,2.18,3.1,-6.75,-12.58,10.25,13.74,-4.47,-6.76
"2017-05-29",7.98,9.93,5.04,5.83,-4.09,-3.8,11.5,10.03,-2.81,1.08
"2017-06-04",-6.62,-2.23,4.3,2.03,-3.46,-5.21,9.01,0.23,-5.36,-4.88
"2017-06-10",12.68,8.26,4.48,5.95,-3.88,0.65,10.17,15.38,-4.68,-8.72
"2017-06-16",-1.84,6.12,4.63,0.75,-4.14,-2.58,8.27,2.69,-5.54,-2.11
"2017-06-22",5.9,9.06,4.46,4.38,-4.3,-4.41,10.94,12.71,-6.16,-5.57
"2017-07-04",8.42,11.47,5.59,6.01,-5.93,-7.58,9.07,8.28,-2.6,-1.41
"2017-07-10",16.39,9.71,5.39,6.1,-7.42,-10.14,11.79,17.24,-5.94,-11.8
"2017-07-16",-6.42,7.1,4.56,-2.54,-7.44,-12.87,8.43,-0.54,-3.74,7.33
"2017-07-28",12.82,9.35,4.4,4.23,-8.41,-6.35,10.58,13.33,-4.08,-7.82
"2017-08-03",5.52,6.49,7.57,13.46,-6.63,-12.12,11.03,14.05,-4.32,-2.86
"2017-08-09",8.11,7.46,8.04,10.19,-5.73,-2.36,10.45,10.13,-6.1,-8.6
"2017-08-15",3.55,8.61,7.01,3.23,-6.64,-4.82,11.34,7.04,-3.18,-3
"2017-08-21",13.22,6.89,5.07,4.45,-6.85,-5.62,9.88,17.21,-3.9,-8.52
"2017-08-27",-2.28,3.36,3.68,1.48,-7.32,-10.81,9.23,3.27,-3.74,-2.93
"2017-09-08",-0.66,5,3.62,3.52,-4.59,-5.1,12.81,15,-2.1,8.28
"2017-09-14",-7.66,5.33,3.65,-1.16,-7,-11.93,8.85,-0.89,-0.45,5.13
"2017-09-20",3.09,5.98,3.51,-0.03,-6.65,-12.2,9.3,10.57,0.63,0.06
"2017-09-26",5.21,4.32,3.82,2.83,-6.21,-4.41,8.64,9.28,1.45,-0.81
"2017-10-08",11.4,7.72,4.84,6.95,-4.27,1.48,10.24,13.06,-2.9,-1.52
"2017-10-14",1.54,8.12,5.8,4.63,-3.57,-4.05,13.83,8.58,-2.18,-1.87
"2017-10-26",1.68,8.93,6.28,6.46,-3.73,-12.43,13.21,10.11,-3.07,4.19
"2017-11-01",27.97,12.56,4.69,7.72,-1.9,3,12.05,23.71,-5.48,-15.56
"2017-11-13",-4.63,13.31,6.5,2.38,-2.33,-7.21,17.6,-0.22,-5.2,4.6
"2017-11-19",12.48,11.65,5.97,4.28,-1.41,-1.4,14.75,17.2,-7.24,-8.72
"2017-11-25",16.03,13.54,5.55,4.39,-1.68,-0.99,17.56,20.55,-6.87,-8.75
"2017-12-01",31.98,15.75,10.31,15.61,0.81,14.53,19.43,33.35,-6.08,-20.09
"2017-12-07",8.3,12.31,5.96,7.17,-1.32,-4.77,17.83,17.03,-8.99,-11.61
"2017-12-13",-4.54,11.37,4.79,-2.3,-3.99,-10.01,17.77,8.73,-7.9,8.96
"2017-12-25",5.54,12.46,5.33,3.71,-5.21,-12.51,16.23,14.93,-5.58,-0.24
"2018-01-12",16.21,14.07,5.26,3.77,-7.44,-3.58,14.72,16.14,-7.22,-12.36
"2018-01-24",21.02,19.37,7.25,10.13,-9.03,-11.89,13.67,10.35,-7.83,-6.45
"2018-02-05",13.21,12.54,5.18,4.26,-7.92,-19.63,11.19,15.07,-6.68,-10.18
"2018-02-11",11.47,14.68,3.37,2.94,-6.23,-7.24,16.58,18.59,-9.31,-8.53
"2018-02-17",6.45,11.99,4.09,4.98,-6.96,-7.94,13.92,9.8,-3.93,1.01
"2018-02-23",9.61,12.39,3.79,0.03,-2.77,4.87,13.47,13.93,-8.25,-7.29
"2018-03-01",13.89,10.96,0.83,1.26,-6.09,-3.96,11.41,11.27,-7.73,-8.86
"2018-03-13",7.7,11.95,3.72,2.35,-4.29,-4.44,14.49,12.44,-7.08,-13.09
"2018-03-19",7.25,11.02,2.93,-0.45,-4.7,-4.84,12.39,7.94,-3.57,-1.15
"2018-03-25",8.93,12.2,3.42,-1.53,-4.65,-6.45,14.42,11.37,0.34,11.59
"2018-04-06",9.89,10.05,4.23,6.17,-5.67,-8.53,14.39,20.74,-4.66,-5.96
"2018-04-12",18.17,11.11,6.74,10.12,-3.22,-3.01,13.88,23.35,-4.81,-9.31
"2018-04-18",1.13,8.44,6.67,5.98,-4.94,-3.11,15.82,11.75,-5.21,-2.12
"2018-04-24",7.64,8.71,5.33,8.93,-4.45,-6.6,9.44,7.37,-5.19,-7.86
"2018-05-06",1.39,9.25,3.98,-0.45,-6.06,-8.38,9.95,1.46,-4.35,1.01
"2018-05-12",1.88,7.73,3.21,-2.46,-6.6,-8.44,12.42,6.89,-5.99,-1.86
"2018-05-18",15.67,10.52,3.45,2.89,-6.81,-0.95,10.15,15.54,-6.41,-9.27
"2018-05-30",5.06,9.75,5.57,6.23,-7.93,-11.42,12.09,12.05,-8.68,-4.53
"2018-06-05",7.56,12.86,6.63,4.92,-7.46,-9.61,11.63,9.46,-12.06,-7.33
"2018-06-11",18.31,11.89,9.08,9.72,-8.58,-6.08,13.42,20.28,-7.19,-16.58
"2018-06-17",8.69,9.43,6.45,6.43,-8.96,-14.23,6.41,7.61,-14.64,-18.44
"2018-06-23",8.88,11.17,6.77,6.53,-8.4,-9.56,12.2,11.19,-8,-4.79
"2018-07-05",3.86,7.79,8.46,6,-8.27,-6.58,8.51,2.88,-10.03,-8.09
"2018-07-11",6.24,10.44,8.03,6.11,-7.53,-9.18,9.25,5.7,-9.96,-8.16
"2018-07-17",4.56,9.2,10.19,9.56,-7.16,-6.54,13.14,14.09,-8.81,-2.24
"2018-07-23",14.62,16.79,10.31,10.96,-7.25,-11.62,8.64,3.14,-10.41,-16.56
"2018-07-29",4.39,10.93,8.76,5.71,-7.67,-7.48,10.46,5.77,-8.56,-3.13
"2018-08-04",13.05,13.25,9.12,5.87,-7.53,-6.84,12.15,17.94,-11.11,-6.8
"2018-08-10",22.64,16.09,12,20.99,-4.89,-3.27,14.03,24.76,-11.75,-19.07
"2018-08-16",7.81,12.48,11.6,11.26,-5.95,-9.04,13.47,10.34,-11.24,-9.69
"2018-08-22",1.72,11.77,7.8,0.91,-6.89,-10.15,11.6,2.48,-10.79,-9.77
"2018-08-28",20.71,14.46,8.5,11.06,-7.49,-8.3,13.56,20.7,-9.23,-15.76
"2018-09-03",8,12.8,5.82,3.13,-7.74,-9.92,12.46,8.04,-7.95,-5.33
"2018-09-09",12.92,14.94,9.29,12.93,-6.97,-4.42,13.12,12.91,-4.21,-1.51
"2018-09-15",11.05,13.22,5.33,3.01,-6.64,-8.6,13.57,15.17,-8.23,-1.06
"2018-09-21",14.15,14.24,5.98,6.12,-4.87,-4.93,11.85,9.25,-9.22,-10.45
"2018-09-27",7.31,13.37,4.2,3.59,-6.83,-11.66,12.68,9.2,-8.14,-2.71
"2018-10-03",15.83,13.39,2.52,3.24,-6.04,-4.44,12.93,16.64,-8.35,-10.93
"2018-10-09",9.23,13.64,2.29,-4.46,-6.46,-7.92,12.6,5.79,-10.08,-10.99
"2018-10-15",19.13,15.45,3.15,4.33,-2.83,-2.58,14.56,19.83,-8.16,-18.05
"2018-10-21",4.96,14.55,1.25,-6.12,-3.38,-4.22,15.11,13.1,-5.92,3.42
"2018-10-27",14.41,12.3,1.34,1.69,-2.61,-0.55,14.73,15.54,-5.82,-9.85
"2018-11-02",16.47,14.82,2.61,2.18,-2.87,-3.88,15.53,15.44,-7.32,-8.34
"2018-11-08",11.84,17.81,5.59,5.66,-0.77,-5.15,18.29,18.51,-6.97,0.63
"2018-11-14",16.54,14.14,3.8,3.44,-1.87,-0.1,15.28,15.84,-6.32,-3.5
"2018-11-20",19.1,16.48,5.86,8.5,-0.42,6.66,16.21,21.85,-6.73,-7.92
"2018-11-26",18.37,13.66,4.49,4.9,-2.11,0.81,14.23,18.3,-8.3,-10.53
"2018-12-02",18.16,13.07,4.79,7.45,-2.27,-2.28,12.24,21.03,-7.96,-7.28
"2018-12-08",8.32,12.26,5.32,1.68,-3.83,-6.45,10.43,1.55,-9.25,-8.58
"2018-12-14",-1.01,9.39,4.74,1.72,-4.32,-6.55,9.42,-0.93,-9.08,-6.22
"2018-12-20",7.93,10.23,6.28,8.38,-3.01,0.53,7.55,3.63,-11.32,-10.14
"2018-12-26",-5.07,1.19,6.1,4.08,-5.37,-15.52,8.37,3.2,-10.38,-13.53
"2019-01-01",18.04,11.73,7.4,13.33,-4.91,-10.22,9.15,17.96,-11.43,-21.39
"2019-01-07",5.74,8.53,4.92,0.75,-3.62,-2.23,8.89,11.64,-8.22,-6.2
"2019-01-13",13.63,13.55,6.34,8.15,-3.63,1.13,8.23,5.18,-7.63,1.98
"2019-01-19",13.85,12.01,3.76,2.43,-4.1,-5.85,6.91,8.9,-8.48,-9.66
"2019-01-25",1.7,8.15,5.16,1.98,-1.23,0.06,7.75,6.77,-5.76,-7.45
"2019-02-06",7.9,9.53,4.23,5.11,-2.49,-2.7,9.02,1.64,-4.36,-4.64
"2019-02-18",3.45,6.95,3.36,2.81,-2.16,-1.9,9.38,14.25,-2.21,4.63
"2019-02-24",4.99,8.14,2.1,-0.29,-1.75,-0.63,8.48,3.81,-2.29,2.32
"2019-03-02",9.7,8.31,1.9,2.63,-2.55,-5.52,9.1,12.09,-2.96,-6.11
"2019-03-14",11.99,10.25,3.13,-0.02,-1.36,-1.02,11.18,12.34,-3.79,-6.87
"2019-03-20",3.96,6.02,2.3,3.24,-1.76,0.99,8.92,8.67,-5.84,-5.97
"2019-03-26",9.15,6.27,1.19,1.11,-3.17,-3.05,8.45,15.29,-2.98,-4.92
"2019-04-01",3.72,4.51,1.07,1.13,-4.86,-3.26,6.62,7.48,-3.5,-5.45
"2019-04-07",6.82,6.49,0.88,0.1,-4.86,-4.88,5.36,2.9,-1.62,1.04
"2019-04-13",-4.26,3.52,2.26,0.65,-5.8,-14.8,5.24,2.83,0.12,3.63
"2019-04-19",4.21,4.59,1.23,-0.4,-5.39,-2.86,3.58,1.34,-0.12,3.76
"2019-04-25",1.13,3.25,1.55,1.68,-5.71,-6.97,0.13,-3.44,-1.78,-1.6
"2019-05-01",-1.67,5.5,2.92,2.83,-6.23,-8.51,3.87,1.12,-2.09,-2.97
"2019-05-07",-5.34,0.86,3.63,1.54,-4.54,-7.57,2.09,-1.21,-1.66,0.67
"2019-05-19",13.7,5.81,3.36,4.15,-4.86,0.89,4.65,12.01,-2.42,-4.18
"2019-06-12",-3.09,-1.45,4.57,4.15,-10.88,-12.26,2.1,1.34,-6.53,-6.74
"2019-07-06",11.73,15.58,7.11,6.54,-17.54,-21.75,2.4,0.33,-12.04,-12.04
"2019-08-23",10.16,8.23,6.1,7.56,-5.89,-5.88,11.14,15.37,-10.86,-12.87
"2019-09-04",10.45,13.7,7.49,2.03,-6.03,-9.86,10.48,9.72,-8.81,-8.9
"2019-09-16",3.91,7.34,6.97,14.33,-6.49,-4.32,4.81,-0.32,-9.1,-7.48
"2019-09-28",11.74,8.11,4.49,1.83,-7.33,-3.06,7.13,12.38,-4.53,-9.64
"2019-10-04",1.82,10.1,4.35,2.39,-6.24,-11.59,8.03,4.88,-4.76,2.98
"2019-10-10",7.9,10.47,3.1,1.32,-6.68,-10.05,7.36,4.67,-4.29,-3.15
"2019-10-22",15.78,7.93,1.43,1.08,-6.75,-5.23,6.55,13.13,-2.69,-10.41
"2019-11-03",-2.8,4.37,1.45,2.71,-7.44,-7.17,5.15,1.04,0.24,10.09
"2019-11-15",-1.03,4.34,-0.05,-6.89,-5.95,-7.11,4.03,1.69,-0.41,0.91
"2019-11-27",-2.34,-2.31,2.41,4.33,-5.71,-8.22,-0.22,-3.84,-2.45,-4.63
"2019-12-09",10.55,7.68,2.08,3.63,-4.62,-0.44,4.4,8.36,-4.75,-2.39
"2019-12-21",5.96,9.94,2.81,3.47,-4.7,-7.42,6.66,1,-6.94,-5.14
"2020-01-02",18.07,8.9,1.45,3.82,-5.7,-1.55,8.32,20.01,-10.65,-19.68
"2020-01-14",1.01,10.55,1.44,-3.86,-6.96,-10.77,5.33,-4.26,-6.3,-1.04
"2020-01-26",7.28,7.97,2.82,-1.37,-6.98,-9.35,9.68,9.52,-9.5,-6.59
"2020-02-07",9.93,10.63,11.32,15.2,-5.07,-2.97,7.96,9.7,-11.85,-16.26
"2020-02-19",10.48,12.43,5.65,5.88,-3.96,-6.37,11.23,9.97,-9.3,-7.24
"2020-03-02",17.09,17.8,10.04,12.04,-0.53,-3.87,14.47,13.49,-8.02,-8.21
"2020-03-14",15.4,16.42,5.46,4.39,0.52,0.25,13.78,12.98,-8.64,-2.9
"2020-03-26",30.42,14.38,4.68,6.19,0.61,17.08,13.96,30.01,-8.84,-19.6
"2020-04-07",-9.32,4.12,2.93,-0.41,-1.71,-13.13,8.33,0.02,-8.55,-5.54
"2020-04-19",3.32,11.18,3.48,0.25,-4.47,-7.69,6.09,-2.24,-5.98,0.33
"2020-05-01",6.33,11.11,3.54,1.94,-5.34,-3.92,8.35,2.78,-4.38,-2.76
"2020-05-13",14.85,13.38,5.74,4.95,-4.81,-6.57,9.37,17.71,-7.98,-8.86
"2020-05-25",23.69,16.31,7.5,11.91,-5.75,-6.32,10.59,21.17,-7.57,-13.54
"2020-06-06",-2.22,10.92,6.14,1.56,-7.77,-9.37,6.24,-8.44,-5.47,1.69
"2020-06-18",10.08,9.07,3.77,2.89,-7.78,-6.83,3.73,3.55,-2.79,-3.66
"2020-06-30",5.14,8.55,5.08,6.04,-8.17,-9.48,4.98,7.27,-2.92,-0.33
"2020-07-12",-3.31,2,3.37,-1.41,-10.5,-14.51,4.42,3.41,-2.11,-1.41
"2020-07-24",2.31,8.36,4.27,3.59,-8.55,-5.46,3.13,-2.95,-5.08,-2.34
"2020-08-05",31.06,18.78,5.82,15.15,-9.26,-19.29,4.13,12.35,-4.74,-9.26
"2020-08-11",12.32,11.75,4.38,7.31,-5.54,-2.25,5.66,6.75,-4.66,-4.87
"2020-08-17",10.08,9.79,0.19,-3.5,-7.78,-2.53,5.38,8.92,2.11,2.99
"2020-08-23",4.94,10.72,4.09,-1.61,-7.27,-10.14,2.39,-8.33,-3.28,-1.6
"2020-08-29",21.99,13.19,2.17,1.33,-4.96,-0.5,5.55,10.87,-2.43,-7.58
"2020-09-04",2.42,7.29,2.83,3.25,-4.4,-5.59,3.37,5.39,-4.14,1.39
"2020-09-10",4.67,8.9,1.61,1.62,-7.31,-10.41,2.12,-3.31,-5.54,-8.09
"2020-09-22",-1.92,8.96,2.31,-0.48,-6.11,-7.3,2.03,-2.61,-3.65,6.09
"2020-09-28",4.7,10.67,3.74,-1,-4.46,-5.98,4.52,2.39,-6.25,-1.42
"2020-10-04",15.33,9.96,4.93,7.28,-4.95,-2.99,4.52,9.78,-6.82,-9.16
"2020-10-10",20.76,13.71,7.7,15.55,-2.55,0.66,4.13,10.89,-7.88,-18.51
"2020-10-16",16.66,15.74,3.32,-0.9,-4.48,-4.6,8.85,6.66,-6.72,-9.37
"2020-10-22",11.12,10.47,3.52,7.49,-5.56,-7.54,3.65,3.99,-7.3,-10.1
"2020-10-28",-1.84,9.91,0.9,-4.76,-5.78,-11.16,1.98,-4.45,-3.91,7.54
"2020-11-09",9.44,9.41,-1.11,-4.32,-7.26,-7.08,2.66,1.64,-3.99,-8.61
"2020-11-21",6.81,8.35,-0.06,-0.48,-4.9,-5.43,3.89,3.56,-2.29,0.97
"2020-11-27",13.92,8.31,-0.2,1.62,-4.98,-1.84,3.88,9.36,-2.33,-7.07
"2020-12-03",1.42,6.89,0.43,1.79,-4.86,-5.58,2.89,2.27,-0.67,11.25
"2020-12-15",9.85,7.69,-2.12,-4.97,-4.46,-6.35,2.56,-1.67,-2.57,-9.76
"2020-12-27",2.66,6.03,-0.05,-4.18,-4.88,-2.34,1.98,2.74,-3.05,-2.05
"2021-01-08",1.72,5.92,3.26,6.31,-5.22,-7.01,2.4,0.75,-2.76,1.38
"2021-01-20",12.62,7.94,3.5,4.06,-6.96,-4.58,1.3,6.44,-2.52,-5.72
"2021-02-01",1.81,4.64,5.31,6.15,-6.88,-10.15,1.24,-3.3,-5.16,-7.91
"2021-02-13",5.58,10.04,3.12,1.71,-6.73,-12.66,0.77,1.86,-3.54,1.42
"2021-02-25",4.5,9.31,2.49,2.23,-4.68,-3.75,-4.99,-13.48,-1.51,0.56
"2021-03-09",11.37,9.15,0.75,-1.31,-5.21,-3.83,2.49,4.88,-3.14,-3.67
"2021-03-15",12.78,8.78,1.42,3.33,-4.3,-3.85,2.6,9.37,-3.87,-7.86
"2021-03-21",5.16,9.59,3.13,0.68,-2.69,-1.43,3.43,1.45,-3.96,-0.44
"2021-03-27",12.61,8.16,0.17,-0.78,-4.39,-4.3,2.72,6.36,-2.53,-7.42
"2021-04-02",3.44,7.19,-0.16,1.98,-5.73,-7.01,2.19,-0.57,-3.53,1.12
"2021-04-14",4.72,6.91,0.25,0.73,-5.09,-5.13,2.41,1.2,-1.37,-2.2
"2021-04-20",0.78,5.92,-0.08,-3.83,-5.48,-5.94,1.43,-2.69,-1.02,-0.13
"2021-04-26",4.33,4.65,-0.14,-0.33,-5.74,-4.7,1.15,3.32,-1.4,0.13
"2021-05-02",4.68,6.1,-0.39,-1.37,-6.9,-9.89,0.45,2.8,-1.69,-0.67
"2021-05-08",4.1,6.12,1.72,-0.21,-6.08,-7.13,0.95,-1.7,-0.49,-0.49
"2021-05-20",-0.83,6.33,0.1,0.59,-7.8,-11.51,-0.09,-5.78,2.96,8.15
"2021-06-01",9.51,5.67,0.51,0.07,-7.84,-8.71,-2.98,2.33,-0.63,-3.27
"2021-06-13",8.51,4.47,1.32,0.55,-6.31,-4.33,-2.06,3.81,-2.24,-3.44
"2021-06-25",-19.76,-4.63,2.9,0.1,-6.68,-4.35,-1.38,-16.3,-5.84,0.41
"2021-07-07",2.9,2.93,3.46,2.02,-7.94,-6.15,0.62,4.11,-6.38,-7.19
"2021-07-13",13.42,11.19,4.59,6.58,-9.01,-9.44,-2.99,-3.69,-5.77,-9.05
"2021-07-19",14.75,9.63,4.05,5.63,-9.04,-18.25,-4.46,0.53,-2.04,-4.14
"2021-08-06",-0.13,2.2,3.78,1.06,-7.56,-5.13,-0.83,-2.94,-1.68,-3.08
"2021-08-12",-0.31,4.54,4.04,7.15,-7.61,-7.75,-1.81,-3.12,-2.48,2.9
"2021-08-24",4.04,5.27,1.6,-1.71,-7.97,-8.5,-3.52,-4.52,0.6,0.47
"2021-08-30",8.04,5.42,2.74,0.48,-7.62,-2.78,-0.23,1.47,0.06,0.13
"2021-09-05",13.46,7.86,3.2,7.09,-8.88,-12.24,-4.07,3.13,-0.37,-3.52
"2021-09-11",-4.13,5.31,3.62,2.05,-7.24,-7.49,-4.63,-14.11,0.68,5.17
"2021-09-17",5.66,5.63,4.14,5.34,-7.29,-8.42,-2.32,-4.63,-0.79,-2.7
"2021-09-23",17.53,10.41,3.37,6.7,-7.05,-10.47,-1.24,5.73,-1.01,-5.13
"2021-09-29",5.19,6.84,1.64,0.61,-6.54,-6.86,-2.77,-4.81,0.17,1.98
"2021-10-11",-2.22,7.33,0.45,-0.8,-4.71,-4.99,-0.87,-10.58,1.55,8.64
"2021-10-17",8.79,8.71,-0.45,1.07,-4.14,-2.03,0.71,0.87,-0.43,2.91
"2021-10-23",16.36,9.15,-1.28,-1.27,-3.23,8.34,2.17,8.15,0.15,-5.13
"2021-10-29",9.9,10.19,-0.53,0.21,-4.23,-7.22,2.6,1.47,-0.8,-0.03
"2021-11-04",5.9,12.83,-0.63,-11.25,-2.17,-16.19,5.66,15.08,-3.67,-10.31
"2021-11-16",12.15,11.05,-0.65,1.49,-3.3,-4.14,0.85,1.61,0.9,10
"2021-11-22",9.71,11.21,-1.28,-0.11,-1.59,0.03,-0.53,-9.15,-2.37,-3.18
"2021-11-28",13.52,10.72,-0.86,0.51,-3,2.6,0,-2.77,-2.94,-3.88
"2021-12-04",8.44,11.13,0.49,1.2,-1.65,-3.34,2.66,1.17,-0.63,-1
"2021-12-10",15.22,9.86,-1.94,1.34,-1.23,3.19,1.77,8.84,-1.79,-6.22
"2021-12-22",13.27,9.91,0.41,-3.7,-0.14,-0.87,1.19,4.31,-3.1,-1.59
"2022-01-21",-10.93,-5.82,1.13,2.71,-5.42,-6.7,-9.77,-14.99,-3.33,-5.93
"2022-02-26",-2.81,3.26,1.04,-1.36,-7.26,-7.48,-5.72,-13.25,8.96,13.98
"2022-03-10",10.17,8.67,3.68,5.04,-3.79,-6.35,-0.95,3.84,7.73,7.98
"2022-03-22",14.16,7.82,1.23,1.27,-6.97,-2,-4.07,1.92,6.31,3.93
"2022-04-03",5.03,2.13,1.15,2.73,-8.46,-7.14,-6.89,-2.13,6.28,6.94
"2022-04-15",-5.7,-1.34,1.2,1.62,-9.34,-14.12,-9.71,-16.45,3.85,-0.74
"2022-04-27",-7.17,-2.8,-1.4,-3.54,-10.3,-10.13,-12.49,-17.6,5.99,10.25
"2022-05-09",-8.98,-2.04,-1.31,-3.05,-9.7,-12.56,-12.6,-17.29,5.07,8.54
"2022-05-21",7.85,1.27,-1.85,0.8,-8.91,-5.83,-9.87,-3.7,3.81,-0.33
"2022-06-02",15.32,6.21,-1.79,-1.82,-10.62,-5.76,-10.52,-4.94,6.34,2.55
"2022-06-14",-7.21,3.79,-1.88,-3.96,-10.02,-15.03,-8.14,-14.08,4.49,14.24
"2022-06-26",6.84,5.72,-1.01,-4.18,-12.19,-11.21,-11.33,-10.66,1.12,0.99
"2022-07-08",20.75,13.26,3.45,10.39,-9.62,-9.66,-10.18,-9.91,1.84,-6.76
"2022-07-20",-3.99,-0.37,0.53,-0.2,-12.48,-15.31,-10.8,-11.38,-1.37,-0.11
"2022-08-01",3.43,6.99,1.52,-1.69,-9.06,-6.99,-11.43,-14.55,0.41,1.45
"2022-08-13",16.29,6.53,1.09,3.77,-9.04,-6.02,-6.76,4.13,0.44,-3.9
"2022-08-25",-5.26,5.72,0.84,-1.02,-10.99,-13.46,-9.1,-16.64,4.2,10.13
"2022-09-06",18.89,6.15,-0.45,0.5,-13.02,-9.61,-17.93,-14.63,5.42,-0.19
"2022-09-18",-8.04,0.68,0.85,3.12,-14.52,-21.39,-13.09,-13.03,11.1,18.48
"2022-09-30",-5.96,0.1,-1.88,-2.74,-13.28,-16.42,-14.63,-21.15,2.46,1.47
"2022-10-12",11.17,3.83,-2.28,-4.71,-8.53,0.48,-11.87,-8.21,6.09,-0.36
"2022-10-24",-0.22,3.27,-4.15,-3.4,-8.83,-11.68,-11.5,-10.99,6.18,14.63
"2022-11-05",5.43,7.34,-3.94,-1.67,-8.2,-10.22,-18.87,-24.72,3.64,3.05
"2022-11-17",15.8,8.02,-4.95,-5.05,-7.96,-5.6,-7.78,-1.41,4.61,0.09
"2022-11-29",14.28,12.84,-4.58,-5.76,-5.89,-3.76,-7.92,-6.8,-9.15,-9.89
